"Path","Dir","Ext","Lines"
"src/context/context_mention_parser.cpp","context",".cpp","1"
"src/core/agentic_executor_link_stub.cpp","core",".cpp","1"
"src/core/asm_symbols_stub.cpp","core",".cpp","1"
"src/core/auto_feature_stub_impl.cpp","core",".cpp","1"
"src/core/link_stubs_remaining_classes.cpp","core",".cpp","1"
"src/debug/test_debugbridge_telemetry.cpp","debug",".cpp","1"
"src/deep2/execution_policy/ExecutionPolicy.cpp","deep2",".cpp","1"
"src/deep2/execution_policy/ExecutionPolicyApply.cpp","deep2",".cpp","1"
"src/deep2/execution_policy/ExecutionPolicyStore.cpp","deep2",".cpp","1"
"src/deep2/execution_policy/PlacementPlan.cpp","deep2",".cpp","1"
"src/deep2/lavapath/FreeTokenMicroZone_Query.cpp","deep2",".cpp","1"
"src/deep2/lavapath/FreeTokenMicroZone.cpp","deep2",".cpp","1"
"src/deep2/lavapath/FutureConsumer_Advance.cpp","deep2",".cpp","1"
"src/deep2/lavapath/FutureConsumer_Chair.cpp","deep2",".cpp","1"
"src/deep2/lavapath/FutureConsumer_Emit.cpp","deep2",".cpp","1"
"src/deep2/lavapath/FutureConsumer_EmitExec.cpp","deep2",".cpp","1"
"src/deep2/lavapath/FutureConsumer_Notes.cpp","deep2",".cpp","1"
"src/deep2/lavapath/FutureConsumer_Register.cpp","deep2",".cpp","1"
"src/deep2/lavapath/FutureConsumer_Space.cpp","deep2",".cpp","1"
"src/deep2/lavapath/GgufDynamicGeometry_arrays.cpp","deep2",".cpp","1"
"src/deep2/lavapath/GgufDynamicGeometry_finalize.cpp","deep2",".cpp","1"
"src/deep2/lavapath/GgufDynamicGeometry_io.cpp","deep2",".cpp","1"
"src/deep2/lavapath/GgufDynamicGeometry_keys.cpp","deep2",".cpp","1"
"src/deep2/lavapath/GgufDynamicGeometry_resolve.cpp","deep2",".cpp","1"
"src/deep2/lavapath/HostFutureConsumerPrefetch_KnO3.cpp","deep2",".cpp","1"
"src/deep2/lavapath/HostFutureConsumerPrefetch_Move.cpp","deep2",".cpp","1"
"src/deep2/lavapath/HostFutureConsumerPrefetch_Nvme.cpp","deep2",".cpp","1"
"src/deep2/lavapath/HostFutureConsumerPrefetch_Seal.cpp","deep2",".cpp","1"
"src/deep2/lavapath/HostFutureConsumerPrefetch_Worker.cpp","deep2",".cpp","1"
"src/deep2/lavapath/HostFutureConsumerPrefetch.cpp","deep2",".cpp","1"
"src/deep2/lavapath/k3c_token.cpp","deep2",".cpp","1"
"src/deep2/mars/DualGPUBackend.cpp","deep2",".cpp","1"
"src/deep2/mars/TensorHotpatch.cpp","deep2",".cpp","1"
"src/deep2/mars/test_mars_controller.cpp","deep2",".cpp","1"
"src/deep2/mars/VRAMManager.cpp","deep2",".cpp","1"
"src/deep2/ModelRegistry/GGUFModelRegistry.cpp","deep2",".cpp","1"
"src/deep2/vwa/VwaScheduler_Fulfill.cpp","deep2",".cpp","1"
"src/deep2/vwa/VwaScheduler_Lease.cpp","deep2",".cpp","1"
"src/deep2/BottleTTL.cpp","deep2",".cpp","1"
"src/deep2/BP16Extractor.cpp","deep2",".cpp","1"
"src/deep2/CPUFrequency.cpp","deep2",".cpp","1"
"src/deep2/deep2_deepseek_live_gen_perf_cert.cpp","deep2",".cpp","1"
"src/deep2/deep2_execution_policy_smoke.cpp","deep2",".cpp","1"
"src/deep2/deep2_giant_moe_paragraph_perf_cert.cpp","deep2",".cpp","1"
"src/deep2/deep2_gpu_dynamic_window_cert.cpp","deep2",".cpp","1"
"src/deep2/deep2_gpu_forward_ops_cert.cpp","deep2",".cpp","1"
"src/deep2/deep2_gpu_numeric_parity_cert.cpp","deep2",".cpp","1"
"src/deep2/deep2_gpu_packed_forward_cert.cpp","deep2",".cpp","1"
"src/deep2/deep2_gpu_q4k_gemv_cert.cpp","deep2",".cpp","1"
"src/deep2/deep2_gpu_q6k_gemv_cert.cpp","deep2",".cpp","1"
"src/deep2/deep2_gpu_quant_family_cert.cpp","deep2",".cpp","1"
"src/deep2/deep2_gpu_resident_decode_cert.cpp","deep2",".cpp","1"
"src/deep2/deep2_gpu_solo_cert.cpp","deep2",".cpp","1"
"src/deep2/deep2_gpu_solo_decode_cert.cpp","deep2",".cpp","1"
"src/deep2/deep2_gpu_transfer_counter_cert.cpp","deep2",".cpp","1"
"src/deep2/deep2_gpu_transfer_overlap_cert.cpp","deep2",".cpp","1"
"src/deep2/deep2_gpu_weight_prefetch_cert.cpp","deep2",".cpp","1"
"src/deep2/deep2_gpu_weight_window_cert.cpp","deep2",".cpp","1"
"src/deep2/deep2_hybrid_all_hw_cert.cpp","deep2",".cpp","1"
"src/deep2/deep2_k2_auto_workload_policy_cert.cpp","deep2",".cpp","1"
"src/deep2/deep2_k2_e2e_model_size_matrix_cert.cpp","deep2",".cpp","1"
"src/deep2/deep2_k2_full_depth_combined_policy_cert.cpp","deep2",".cpp","1"
"src/deep2/deep2_k2_full_depth_effectiveness_cert.cpp","deep2",".cpp","1"
"src/deep2/deep2_k2_full_depth_fused_rebench_cert.cpp","deep2",".cpp","1"
"src/deep2/deep2_k2_full_depth_trampoline_promotion_cert.cpp","deep2",".cpp","1"
"src/deep2/deep2_k2_gpu_copy_compute_overlap_cert.cpp","deep2",".cpp","1"
"src/deep2/deep2_k2_gpu_mla_full_cert.cpp","deep2",".cpp","1"
"src/deep2/deep2_k2_gpu_mla_full_depth_cert.cpp","deep2",".cpp","1"
"src/deep2/deep2_k2_gpu_mla_nu_bridge_cert.cpp","deep2",".cpp","1"
"src/deep2/deep2_k2_gpu_mla_re_cert.cpp","deep2",".cpp","1"
"src/deep2/deep2_k2_gpu_mla_slot_reuse_cert.cpp","deep2",".cpp","1"
"src/deep2/deep2_k2_gpu_stream_compute_cert.cpp","deep2",".cpp","1"
"src/deep2/deep2_k2_gpu_stream_copy_cert.cpp","deep2",".cpp","1"
"src/deep2/deep2_k2_gpu_stream_mla_cert.cpp","deep2",".cpp","1"
"src/deep2/deep2_k2_live_decode_mla_cert.cpp","deep2",".cpp","1"
"src/deep2/deep2_k2_live_decode_sustained_cert.cpp","deep2",".cpp","1"
"src/deep2/deep2_k2_live_gen_perf_cert.cpp","deep2",".cpp","1"
"src/deep2/deep2_k2_live_generate_policy_cert.cpp","deep2",".cpp","1"
"src/deep2/deep2_k2_live_gpu_stream_e2e_cert.cpp","deep2",".cpp","1"
"src/deep2/deep2_k2_live_policy_crossover_cert.cpp","deep2",".cpp","1"
"src/deep2/deep2_k2_live_policy_e2e_cert.cpp","deep2",".cpp","1"
"src/deep2/deep2_k2_live_policy_split_cert.cpp","deep2",".cpp","1"
"src/deep2/deep2_k2_logits_climb_cert.cpp","deep2",".cpp","1"
"src/deep2/deep2_k2_logits_gpu_range_attribution_001.cpp","deep2",".cpp","1"
"src/deep2/deep2_k2_logits_q6k_resident_cert.cpp","deep2",".cpp","1"
"src/deep2/deep2_k2_logits_vwa_lineage_001.cpp","deep2",".cpp","1"
"src/deep2/deep2_k2_mla_full_depth_soak_cert.cpp","deep2",".cpp","1"
"src/deep2/deep2_k2_mla_fused_q4kt_cert.cpp","deep2",".cpp","1"
"src/deep2/deep2_k2_mla_kv_expand_cert.cpp","deep2",".cpp","1"
"src/deep2/deep2_k2_mla_kv_expand_opt_cert.cpp","deep2",".cpp","1"
"src/deep2/deep2_k2_mla_qa_critical_cert.cpp","deep2",".cpp","1"
"src/deep2/deep2_k2_mla_qkv_proj_cert.cpp","deep2",".cpp","1"
"src/deep2/deep2_k2_mla_rebench_promote_cert.cpp","deep2",".cpp","1"
"src/deep2/deep2_k2_mla_reuse_promote_cert.cpp","deep2",".cpp","1"
"src/deep2/deep2_k2_policy_hysteresis_cert.cpp","deep2",".cpp","1"
"src/deep2/deep2_k2_semantic_seal_cert.cpp","deep2",".cpp","1"
"src/deep2/deep2_k2_serverless_stream_latency_cert.cpp","deep2",".cpp","1"
"src/deep2/deep2_k2_shard_attn_residency_cert.cpp","deep2",".cpp","1"
"src/deep2/deep2_k2_stream_miss_reality_cert.cpp","deep2",".cpp","1"
"src/deep2/deep2_k2_tps_rainbow_cert.cpp","deep2",".cpp","1"
"src/deep2/deep2_k2_trampoline_full_depth_opt_cert.cpp","deep2",".cpp","1"
"src/deep2/deep2_k2_trygpu_logits_split_cert.cpp","deep2",".cpp","1"
"src/deep2/deep2_k2_useful_tps_001.cpp","deep2",".cpp","1"
"src/deep2/deep2_k2_wall_attribution_cert.cpp","deep2",".cpp","1"
"src/deep2/deep2_live_path_effectiveness_cert.cpp","deep2",".cpp","1"
"src/deep2/deep2_live_path_fused_control_cert.cpp","deep2",".cpp","1"
"src/deep2/deep2_live_path_interaction_bounds_cert.cpp","deep2",".cpp","1"
"src/deep2/deep2_local_agent_audit_001.cpp","deep2",".cpp","1"
"src/deep2/deep2_mars_e2e.cpp","deep2",".cpp","1"
"src/deep2/deep2_multi_gpu_layer_cert.cpp","deep2",".cpp","1"
"src/deep2/deep2_nu_gemv_parity_cert.cpp","deep2",".cpp","1"
"src/deep2/deep2_nu_gpu_gemv_cert.cpp","deep2",".cpp","1"
"src/deep2/deep2_nu_live_consumer_cert.cpp","deep2",".cpp","1"
"src/deep2/deep2_nu_pack_format_cert.cpp","deep2",".cpp","1"
"src/deep2/deep2_nu_perf_cert.cpp","deep2",".cpp","1"
"src/deep2/deep2_outer_engine_bridge_cert.cpp","deep2",".cpp","1"
"src/deep2/deep2_parity_cert.cpp","deep2",".cpp","1"
"src/deep2/deep2_placement_cost_cert.cpp","deep2",".cpp","1"
"src/deep2/deep2_rmv_mount_001.cpp","deep2",".cpp","1"
"src/deep2/deep2_runtime_batch1_cert.cpp","deep2",".cpp","1"
"src/deep2/deep2_runtime_batch2_cert.cpp","deep2",".cpp","1"
"src/deep2/deep2_runtime_batch3_cert.cpp","deep2",".cpp","1"
"src/deep2/deep2_server_main.cpp","deep2",".cpp","1"
"src/deep2/deep2_streamer_parity.cpp","deep2",".cpp","1"
"src/deep2/deep2_topology_portability_cert.cpp","deep2",".cpp","1"
"src/deep2/deep2_ucf_bounce_smoke.cpp","deep2",".cpp","1"
"src/deep2/deep2_ucf_bouncehouse_example.cpp","deep2",".cpp","1"
"src/deep2/deep2_ucf_generation_ticket_001.cpp","deep2",".cpp","1"
"src/deep2/deep2_ucf_gpu_ready_e2e.cpp","deep2",".cpp","1"
"src/deep2/deep2_ucf_halo_spark_001.cpp","deep2",".cpp","1"
"src/deep2/deep2_ucf_logits_range_bounce_001.cpp","deep2",".cpp","1"
"src/deep2/deep2_ucf_mobility_fault_001.cpp","deep2",".cpp","1"
"src/deep2/deep2_ucf_no_stale_dispatch_001.cpp","deep2",".cpp","1"
"src/deep2/deep2_ucf_read_converge_001.cpp","deep2",".cpp","1"
"src/deep2/deep2_ucf_semantic_abi_v1_cert.cpp","deep2",".cpp","1"
"src/deep2/deep2_vwa_e2e_001.cpp","deep2",".cpp","1"
"src/deep2/deep2_vwa_iocp_range_001.cpp","deep2",".cpp","1"
"src/deep2/deep2_vwa_poc_1_001.cpp","deep2",".cpp","1"
"src/deep2/deep2_vwa_range_contract_001.cpp","deep2",".cpp","1"
"src/deep2/Deep2APIServer_Complete.cpp","deep2",".cpp","1"
"src/deep2/Deep2Bridge.cpp","deep2",".cpp","1"
"src/deep2/Deep2Determinism.cpp","deep2",".cpp","1"
"src/deep2/Deep2Engine_GpuToken.cpp","deep2",".cpp","1"
"src/deep2/Deep2Engine_MetadataRegressionTest.cpp","deep2",".cpp","1"
"src/deep2/Deep2GenerationCert.cpp","deep2",".cpp","1"
"src/deep2/Deep2IDEIntegration.cpp","deep2",".cpp","1"
"src/deep2/Deep2LivePath_Emit.cpp","deep2",".cpp","1"
"src/deep2/Deep2LivePath_Gate.cpp","deep2",".cpp","1"
"src/deep2/Deep2LivePath_Mech.cpp","deep2",".cpp","1"
"src/deep2/Deep2LivePath_MechEnd.cpp","deep2",".cpp","1"
"src/deep2/Deep2LivePath_Pinball.cpp","deep2",".cpp","1"
"src/deep2/Deep2LivePath_Thermal.cpp","deep2",".cpp","1"
"src/deep2/Deep2LivePath.cpp","deep2",".cpp","1"
"src/deep2/Deep2MultiGpu_CostCut.cpp","deep2",".cpp","1"
"src/deep2/Deep2OuterEngineBridge.cpp","deep2",".cpp","1"
"src/deep2/Deep2ProductionCert.cpp","deep2",".cpp","1"
"src/deep2/Deep2QuantCert.cpp","deep2",".cpp","1"
"src/deep2/Deep2StreamApi.cpp","deep2",".cpp","1"
"src/deep2/DeepSeekMoELoader.cpp","deep2",".cpp","1"
"src/deep2/DualGPUHook.cpp","deep2",".cpp","1"
"src/deep2/DualLaneChoreographer.cpp","deep2",".cpp","1"
"src/deep2/dump_qwen35_meta.cpp","deep2",".cpp","1"
"src/deep2/ElasticDynamicBudget.cpp","deep2",".cpp","1"
"src/deep2/FabricTensorTable.cpp","deep2",".cpp","1"
"src/deep2/FusedInferenceKernel.cpp","deep2",".cpp","1"
"src/deep2/FusedLiveController_Cheap.cpp","deep2",".cpp","1"
"src/deep2/FusedLiveController_Decide.cpp","deep2",".cpp","1"
"src/deep2/FusedLiveController_Emit.cpp","deep2",".cpp","1"
"src/deep2/FusedLiveController_Law.cpp","deep2",".cpp","1"
"src/deep2/FusedLiveController.cpp","deep2",".cpp","1"
"src/deep2/GGUFLoader.cpp","deep2",".cpp","1"
"src/deep2/GhostCache.cpp","deep2",".cpp","1"
"src/deep2/GoalSystem.cpp","deep2",".cpp","1"
"src/deep2/GpuTransfer_Emit.cpp","deep2",".cpp","1"
"src/deep2/HostExchangeDiscover.cpp","deep2",".cpp","1"
"src/deep2/HotPatcher.cpp","deep2",".cpp","1"
"src/deep2/HotPatcherSafety.cpp","deep2",".cpp","1"
"src/deep2/InferenceSession.cpp","deep2",".cpp","1"
"src/deep2/IOCPGGUFLoader.cpp","deep2",".cpp","1"
"src/deep2/IQQuantKernels.cpp","deep2",".cpp","1"
"src/deep2/K2BraidExecutionPolicy.cpp","deep2",".cpp","1"
"src/deep2/K2FullDepthCombined_Arm.cpp","deep2",".cpp","1"
"src/deep2/K2FullDepthCombined_Proof.cpp","deep2",".cpp","1"
"src/deep2/K2GlobalTensorIndex.cpp","deep2",".cpp","1"
"src/deep2/K2GpuStreamCopy_Overlap.cpp","deep2",".cpp","1"
"src/deep2/K2GpuStreamCopy.cpp","deep2",".cpp","1"
"src/deep2/K2LivePathTensorCache_Emit.cpp","deep2",".cpp","1"
"src/deep2/K2LivePathTensorCache_Prefetch.cpp","deep2",".cpp","1"
"src/deep2/K2LivePathTensorCache.cpp","deep2",".cpp","1"
"src/deep2/K2LivePolicy_Apply.cpp","deep2",".cpp","1"
"src/deep2/K2LivePolicy_Hysteresis.cpp","deep2",".cpp","1"
"src/deep2/K2LivePolicy.cpp","deep2",".cpp","1"
"src/deep2/K2LogitsClimb.cpp","deep2",".cpp","1"
"src/deep2/K2LogitsLineage.cpp","deep2",".cpp","1"
"src/deep2/K2LogitsSplit.cpp","deep2",".cpp","1"
"src/deep2/K2MLA_FusedQ4KT.cpp","deep2",".cpp","1"
"src/deep2/K2MLA_GpuGemv.cpp","deep2",".cpp","1"
"src/deep2/K2MLA_KvExpand_Fused.cpp","deep2",".cpp","1"
"src/deep2/K2MLA_PathB_Attn.cpp","deep2",".cpp","1"
"src/deep2/K2MLA_PathB.cpp","deep2",".cpp","1"
"src/deep2/K2MLA_QaCritical.cpp","deep2",".cpp","1"
"src/deep2/K2MLA_QPathDevice_Emit.cpp","deep2",".cpp","1"
"src/deep2/K2MLA_QPathDevice.cpp","deep2",".cpp","1"
"src/deep2/K2MLAAttention.cpp","deep2",".cpp","1"
"src/deep2/K2MLAWeights.cpp","deep2",".cpp","1"
"src/deep2/K2MoEWeights.cpp","deep2",".cpp","1"
"src/deep2/K2NativeStreamGate.cpp","deep2",".cpp","1"
"src/deep2/K2QbHostShrinkD2h.cpp","deep2",".cpp","1"
"src/deep2/K2ShardIo.cpp","deep2",".cpp","1"
"src/deep2/K2TimeLimitedServing.cpp","deep2",".cpp","1"
"src/deep2/K2TokenEmbedding.cpp","deep2",".cpp","1"
"src/deep2/K2WeightResolve.cpp","deep2",".cpp","1"
"src/deep2/KimiK2Config.cpp","deep2",".cpp","1"
"src/deep2/KVCache.cpp","deep2",".cpp","1"
"src/deep2/layer_harness.cpp","deep2",".cpp","1"
"src/deep2/LivePath_FusedTick.cpp","deep2",".cpp","1"
"src/deep2/LivePathEffect.cpp","deep2",".cpp","1"
"src/deep2/LivePathFusedCert_Arm.cpp","deep2",".cpp","1"
"src/deep2/LlamaNativeBridge.cpp","deep2",".cpp","1"
"src/deep2/MASMKernelStubs.cpp","deep2",".cpp","1"
"src/deep2/MedusaDecoder.cpp","deep2",".cpp","1"
"src/deep2/MlaCertAuthority.cpp","deep2",".cpp","1"
"src/deep2/MlaCertProbe.cpp","deep2",".cpp","1"
"src/deep2/ModelLoader.cpp","deep2",".cpp","1"
"src/deep2/MoEArchitectureParser.cpp","deep2",".cpp","1"
"src/deep2/MoEEliminate.cpp","deep2",".cpp","1"
"src/deep2/MoEWeightProxy.cpp","deep2",".cpp","1"
"src/deep2/MoEWeightsLoader.cpp","deep2",".cpp","1"
"src/deep2/NUFusedPacker.cpp","deep2",".cpp","1"
"src/deep2/NUGemv.cpp","deep2",".cpp","1"
"src/deep2/NULiveConsumer.cpp","deep2",".cpp","1"
"src/deep2/OutOfCoreRuntime.cpp","deep2",".cpp","1"
"src/deep2/p0_process_alive_001.cpp","deep2",".cpp","1"
"src/deep2/p1_ide_exec_policy_apply_001.cpp","deep2",".cpp","1"
"src/deep2/p1_ide_exec_policy_live_gguf_001.cpp","deep2",".cpp","1"
"src/deep2/p1_policy_sha_lifecycle_diag_001.cpp","deep2",".cpp","1"
"src/deep2/p1_real_speedup_001.cpp","deep2",".cpp","1"
"src/deep2/p1_repeatability_state_drift_diag_001.cpp","deep2",".cpp","1"
"src/deep2/p1_repeatability_trial_validity_diag_001.cpp","deep2",".cpp","1"
"src/deep2/PatchCache.cpp","deep2",".cpp","1"
"src/deep2/ProductionBenchmark.cpp","deep2",".cpp","1"
"src/deep2/QuantKernelMASM.cpp","deep2",".cpp","1"
"src/deep2/qwen35_attn_contract.cpp","deep2",".cpp","1"
"src/deep2/RawrRuntime.cpp","deep2",".cpp","1"
"src/deep2/rawrxd_normal_gguf_final_001.cpp","deep2",".cpp","1"
"src/deep2/RawrXDInferenceAdapter.cpp","deep2",".cpp","1"
"src/deep2/ResidencyLease.cpp","deep2",".cpp","1"
"src/deep2/ResidencyManager.cpp","deep2",".cpp","1"
"src/deep2/ReverseHotpatchEngine.cpp","deep2",".cpp","1"
"src/deep2/ReverseTensorRecovery.cpp","deep2",".cpp","1"
"src/deep2/RouterPrefetchTelemetry.cpp","deep2",".cpp","1"
"src/deep2/RuntimePlanner.cpp","deep2",".cpp","1"
"src/deep2/ShardRouterIntegration.cpp","deep2",".cpp","1"
"src/deep2/SlidingWindowEngine.cpp","deep2",".cpp","1"
"src/deep2/SsmCertProbe.cpp","deep2",".cpp","1"
"src/deep2/StreamerGpuSoloVk.cpp","deep2",".cpp","1"
"src/deep2/StreamerParity_Harness.cpp","deep2",".cpp","1"
"src/deep2/StreamerParity_Post.cpp","deep2",".cpp","1"
"src/deep2/TensorHop.cpp","deep2",".cpp","1"
"src/deep2/test_chat_template_unit.cpp","deep2",".cpp","1"
"src/deep2/test_chat_template.cpp","deep2",".cpp","1"
"src/deep2/test_deterministic_replay.cpp","deep2",".cpp","1"
"src/deep2/test_embed_q4k_token.cpp","deep2",".cpp","1"
"src/deep2/test_l10_ffn_inp_same_source.cpp","deep2",".cpp","1"
"src/deep2/test_q_elemdiff.cpp","deep2",".cpp","1"
"src/deep2/test_q4_0_gemv_certification.cpp","deep2",".cpp","1"
"src/deep2/test_q4k_gemv_parity.cpp","deep2",".cpp","1"
"src/deep2/test_streaming.cpp","deep2",".cpp","1"
"src/deep2/test_val_051_3_multi_token.cpp","deep2",".cpp","1"
"src/deep2/ThreadPool.cpp","deep2",".cpp","1"
"src/deep2/TpsScaleHotpatch.cpp","deep2",".cpp","1"
"src/deep2/TrailBrake.cpp","deep2",".cpp","1"
"src/deep2/UniversalModelLoader.cpp","deep2",".cpp","1"
"src/deep2/VAL0517BaselineFixture.cpp","deep2",".cpp","1"
"src/deep2/vwa_address_contract_001.cpp","deep2",".cpp","1"
"src/deep2/vwa_poc_1_001.cpp","deep2",".cpp","1"
"src/deep2/vwa_range_contract_001.cpp","deep2",".cpp","1"
"src/deep2/WarmupScheduler.cpp","deep2",".cpp","1"
"src/deep2/ZlibRuntimeLoader.cpp","deep2",".cpp","1"
"src/engine/bpe_tokenizer.cpp","engine",".cpp","1"
"src/engine/core_generator.cpp","engine",".cpp","1"
"src/engine/inference_kernels.cpp","engine",".cpp","1"
"src/engine/Omega1Engine_Server.cpp","engine",".cpp","1"
"src/engine/pyre_compute.cpp","engine",".cpp","1"
"src/engine/rawr_engine.cpp","engine",".cpp","1"
"src/engine/react_ide_generator.cpp","engine",".cpp","1"
"src/engine/sampler.cpp","engine",".cpp","1"
"src/engine/sovereign_engines.cpp","engine",".cpp","1"
"src/git/git_context.cpp","git",".cpp","1"
"src/gold_stubs/gold_link_stubs.cpp","gold_stubs",".cpp","1"
"src/gpu/kv_cache_optimizer.cpp","gpu",".cpp","1"
"src/gpu/speculative_decoder_v2.cpp","gpu",".cpp","1"
"src/gpu/speculative_decoder.cpp","gpu",".cpp","1"
"src/guardrails/capability_policy.cpp","guardrails",".cpp","1"
"src/guardrails/patch_firewall.cpp","guardrails",".cpp","1"
"src/hotpatch/patch_transaction.cpp","hotpatch",".cpp","1"
"src/ide/IDEShell.cpp","ide",".cpp","1"
"src/ide/language_plugin.cpp","ide",".cpp","1"
"src/ide/refactoring_plugin.cpp","ide",".cpp","1"
"src/ide/resource_generator.cpp","ide",".cpp","1"
"src/ide/SovereignSharedMemoryBridge.cpp","ide",".cpp","1"
"src/ide/test_sovereign_bridge.cpp","ide",".cpp","1"
"src/inference/Deep2Engine.cpp","inference",".cpp","1"
"src/inference/DualGpuPipeline.cpp","inference",".cpp","1"
"src/inference/gguf_d3d12_bridge_link_fallback.cpp","inference",".cpp","1"
"src/inference/gpu_dispatch_gate.cpp","inference",".cpp","1"
"src/inference/inference_standalone_link_shims.cpp","inference",".cpp","1"
"src/inference/inference_standalone_main.cpp","inference",".cpp","1"
"src/inference/MemoryPressureGuard.cpp","inference",".cpp","1"
"src/inference/ollama_blob_parser.cpp","inference",".cpp","1"
"src/inference/OutOfCoreScheduler.cpp","inference",".cpp","1"
"src/inference/PerformanceMonitor.cpp","inference",".cpp","1"
"src/inference/polymorphic_loader.cpp","inference",".cpp","1"
"tests/autonomy/recovery/GoldenRecoveryTests.cpp","autonomy",".cpp","1"
"tests/b004_transformer_router_streaming_integration_cpu.cpp","b004_transformer_router_streaming_integration_cpu.cpp",".cpp","1"
"tests/b004_transformer_router_streaming_integration.cpp","b004_transformer_router_streaming_integration.cpp",".cpp","1"
"tests/b005_canonical_model_certification.cpp","b005_canonical_model_certification.cpp",".cpp","1"
"tests/b006_kv_cache_verification.cpp","b006_kv_cache_verification.cpp",".cpp","1"
"tests/b007_performance_baseline.cpp","b007_performance_baseline.cpp",".cpp","1"
"tests/b008_ci_integration.cpp","b008_ci_integration.cpp",".cpp","1"
"tests/b011_weight_residency_optimization.cpp","b011_weight_residency_optimization.cpp",".cpp","1"
"tests/b012_amortization_test.cpp","b012_amortization_test.cpp",".cpp","1"
"tests/b013_stability_test.cpp","b013_stability_test.cpp",".cpp","1"
"tests/b014_boundary_probe.cpp","b014_boundary_probe.cpp",".cpp","1"
"tests/b014_compute_decomposition.cpp","b014_compute_decomposition.cpp",".cpp","1"
"tests/b014_lifetime_probe.cpp","b014_lifetime_probe.cpp",".cpp","1"
"tests/b014_single_boundary.cpp","b014_single_boundary.cpp",".cpp","1"
"tests/benchmark_dispatch_overhead.cpp","benchmark_dispatch_overhead.cpp",".cpp","1"
"tests/benchmark_dispatch_pmc.cpp","benchmark_dispatch_pmc.cpp",".cpp","1"
"tests/benchmark_planner_amortization.cpp","benchmark_planner_amortization.cpp",".cpp","1"
"tests/deep2_link_stubs.cpp","deep2_link_stubs.cpp",".cpp","1"
"tests/gguf_link_impl.cpp","gguf_link_impl.cpp",".cpp","1"
"tests/k2_002_tensor_streaming.cpp","k2_002_tensor_streaming.cpp",".cpp","1"
"tests/k2_003_layer_execution.cpp","k2_003_layer_execution.cpp",".cpp","1"
"tests/k2_003b_native_gemv_validation.cpp","k2_003b_native_gemv_validation.cpp",".cpp","1"
"tests/k2_003c_single_layer_forward.cpp","k2_003c_single_layer_forward.cpp",".cpp","1"
"tests/k2_004_bounded_multi_layer_prefill.cpp","k2_004_bounded_multi_layer_prefill.cpp",".cpp","1"
"tests/k2_004_bounded_prefill.cpp","k2_004_bounded_prefill.cpp",".cpp","1"
"tests/k2_005_autoregressive_kv_cache.cpp","k2_005_autoregressive_kv_cache.cpp",".cpp","1"
"tests/k2_006_bounded_token_generation.cpp","k2_006_bounded_token_generation.cpp",".cpp","1"
"tests/k2_007_real_output_projection.cpp","k2_007_real_output_projection.cpp",".cpp","1"
"tests/k2_007a_tokenizer_metadata.cpp","k2_007a_tokenizer_metadata.cpp",".cpp","1"
"tests/k2_007b_projection_logits_interface.cpp","k2_007b_projection_logits_interface.cpp",".cpp","1"
"tests/k2_008_end_to_end_semantic_generation.cpp","k2_008_end_to_end_semantic_generation.cpp",".cpp","1"
"tests/k2_009_token_embedding_lookup.cpp","k2_009_token_embedding_lookup.cpp",".cpp","1"
"tests/k2_native_smoke_test.cpp","k2_native_smoke_test.cpp",".cpp","1"
"tests/k2_runtime_validation.cpp","k2_runtime_validation.cpp",".cpp","1"
"tests/k2_tls_smoke_test.cpp","k2_tls_smoke_test.cpp",".cpp","1"
"tests/minimal_1token_profiler.cpp","minimal_1token_profiler.cpp",".cpp","1"
"tests/nevm_determinism_validation.cpp","nevm_determinism_validation.cpp",".cpp","1"
"tests/nevm_stress_test.cpp","nevm_stress_test.cpp",".cpp","1"
"tests/q4k_gemv_bench.cpp","q4k_gemv_bench.cpp",".cpp","1"
"tests/q5k_gemv_bench.cpp","q5k_gemv_bench.cpp",".cpp","1"
"tests/quick_1layer_profiler.cpp","quick_1layer_profiler.cpp",".cpp","1"
"tests/test_autonomous_pipeline.cpp","test_autonomous_pipeline.cpp",".cpp","1"
"tests/test_deep2_production.cpp","test_deep2_production.cpp",".cpp","1"
"tests/test_generation.cpp","test_generation.cpp",".cpp","1"
"tests/test_llama_native.cpp","test_llama_native.cpp",".cpp","1"
"tests/test_q4_asm_debug.cpp","test_q4_asm_debug.cpp",".cpp","1"
"tests/test_q4_cache_alignment.cpp","test_q4_cache_alignment.cpp",".cpp","1"
"tests/test_q4_fused_pipeline.cpp","test_q4_fused_pipeline.cpp",".cpp","1"
"tests/test_q4_scalar_simd.cpp","test_q4_scalar_simd.cpp",".cpp","1"
"tests/test_q4k_decoder.cpp","test_q4k_decoder.cpp",".cpp","1"
"tests/test_q6k_asm_certification.cpp","test_q6k_asm_certification.cpp",".cpp","1"
"tests/test_quant_dequant_crosscheck.cpp","test_quant_dequant_crosscheck.cpp",".cpp","1"
"tests/val_051_5_bp16_bench.cpp","val_051_5_bp16_bench.cpp",".cpp","1"
"tests/val_051_5_bp16_compare.cpp","val_051_5_bp16_compare.cpp",".cpp","1"
"tests/val_051_5_bp16_diag.cpp","val_051_5_bp16_diag.cpp",".cpp","1"
"tests/val_051_5_bp16_e2e.cpp","val_051_5_bp16_e2e.cpp",".cpp","1"
"tests/val_051_5_bp16_loadbench.cpp","val_051_5_bp16_loadbench.cpp",".cpp","1"
"tests/val_051_5_bp16_logits.cpp","val_051_5_bp16_logits.cpp",".cpp","1"
"tests/val_051_5_bp16_streamer.cpp","val_051_5_bp16_streamer.cpp",".cpp","1"
"tests/val_051_5_bp16_verify.cpp","val_051_5_bp16_verify.cpp",".cpp","1"
"tests/val_051_5_bp16_weights.cpp","val_051_5_bp16_weights.cpp",".cpp","1"
"tests/val_051_5_diag_1_token.cpp","val_051_5_diag_1_token.cpp",".cpp","1"
"tests/val_051_5_fifteen_token.cpp","val_051_5_fifteen_token.cpp",".cpp","1"
"tests/val_051_5_q2k_gemv_bench.cpp","val_051_5_q2k_gemv_bench.cpp",".cpp","1"
"tests/val_051_5_q2k_gemv_verify.cpp","val_051_5_q2k_gemv_verify.cpp",".cpp","1"
"tests/val_051_5_q2k_profile.cpp","val_051_5_q2k_profile.cpp",".cpp","1"
"tests/val_051_5_q4k_fused_verify.cpp","val_051_5_q4k_fused_verify.cpp",".cpp","1"
"tests/val_051_5_q4k_gemv_bench.cpp","val_051_5_q4k_gemv_bench.cpp",".cpp","1"
"tests/val_051_5_q5k_forward_bench.cpp","val_051_5_q5k_forward_bench.cpp",".cpp","1"
"tests/val_051_5_q5k_gemv_bench.cpp","val_051_5_q5k_gemv_bench.cpp",".cpp","1"
"tests/val_051_5_q5k_gemv_verify.cpp","val_051_5_q5k_gemv_verify.cpp",".cpp","1"
"tests/val_051_5_q6k_synthetic.cpp","val_051_5_q6k_synthetic.cpp",".cpp","1"
"tests/val_051_6_bp16_perf.cpp","val_051_6_bp16_perf.cpp",".cpp","1"
"tests/val_051_7_bp16_lightweight_profile.cpp","val_051_7_bp16_lightweight_profile.cpp",".cpp","1"
"tests/val_051_7_bp16_profile.cpp","val_051_7_bp16_profile.cpp",".cpp","1"
"tests/val_051_7_residency_baseline.cpp","val_051_7_residency_baseline.cpp",".cpp","1"
"tests/val_051_8_layer_profile.cpp","val_051_8_layer_profile.cpp",".cpp","1"
"tests/val_051_8_linearw_thread_scaling.cpp","val_051_8_linearw_thread_scaling.cpp",".cpp","1"
"tests/val_bp16_int_1_token.cpp","val_bp16_int_1_token.cpp",".cpp","1"
"tests/validate_end_to_end.cpp","validate_end_to_end.cpp",".cpp","1"
